season,season_type,team,player_id,qb,rank,qbr,plays,pts_added,epa_total
2021,Playoffs,BUF,3918298,Josh Allen,1.0,95.5,83,18.5,23.8
2021,Playoffs,KC,3139477,Patrick Mahomes,2.0,82.6,150,14.8,27.8
2021,Playoffs,LA,12483,Matthew Stafford,3.0,71.4,171,11.1,24.9
2021,Playoffs,NE,4241464,Mac Jones,4.0,60.0,46,-1.0,1.8
2021,Playoffs,SF,16760,Jimmy Garoppolo,5.0,57.8,92,-0.5,8.1
2021,Playoffs,CIN,3915511,Joe Burrow,6.0,51.0,177,-0.6,16.3
2021,Playoffs,LV,16757,Derek Carr,7.0,46.4,62,-1.5,4.3
2021,Playoffs,DAL,2577417,Dak Prescott,8.0,32.4,56,-2.7,2.6
2021,Playoffs,TB,2330,Tom Brady,9.0,30.4,100,-6.3,2.6
2021,Playoffs,PHI,4040715,Jalen Hurts,10.0,24.0,55,-4.7,0.4
2021,Playoffs,GB,8439,Aaron Rodgers,11.0,22.6,36,-3.0,0.5
2021,Playoffs,PIT,5536,Ben Roethlisberger,12.0,15.7,49,-5.2,-0.2
2021,Playoffs,TEN,14876,Ryan Tannehill,13.0,12.8,29,-3.8,-0.9
2021,Playoffs,ARI,3917315,Kyler Murray,14.0,9.9,42,-8.1,-2.4
2021,Playoffs,CIN,3116385,Joe Mixon,,100.0,1,0.9,0.9
2021,Playoffs,LA,16733,Odell Beckham Jr.,,100.0,1,0.6,0.4
2021,Playoffs,ARI,3119195,Chase Edmonds,,97.4,1,0.2,0.2
2021,Playoffs,TEN,3043078,Derrick Henry,,95.3,1,0.2,0.3
2021,Playoffs,KC,15847,Travis Kelce,,85.2,1,0.1,0.1
2021,Playoffs,GB,4039396,Corey Bojorquez,,14.0,1,-0.1,0.0
2021,Playoffs,LV,2576980,Marcus Mariota,,8.5,1,-0.2,-0.1
2021,Playoffs,LA,2977187,Cooper Kupp,,0.2,1,-0.4,-0.3
2021,Playoffs,KC,4035004,Mecole Hardman Jr.,,0.0,1,-1.8,-1.7
2021,Regular,GB,8439,Aaron Rodgers,1.0,74.1,610,43.3,95.8
2021,Regular,TB,2330,Tom Brady,2.0,73.1,798,53.8,118.5
2021,Regular,LAC,4038941,Justin Herbert,3.0,70.9,808,53.8,120.3
2021,Regular,LA,12483,Matthew Stafford,4.0,69.2,686,40.1,92.7
2021,Regular,KC,3139477,Patrick Mahomes,5.0,67.7,803,43.9,108.3
2021,Regular,BUF,3918298,Josh Allen,6.0,66.3,828,42.4,110.8
2021,Regular,ARI,3917315,Kyler Murray,7.0,63.2,632,21.0,74.1
2021,Regular,TEN,14876,Ryan Tannehill,8.0,61.8,680,22.5,80.8
2021,Regular,IND,2573079,Carson Wentz,9.5,60.6,648,19.5,74.3
2021,Regular,SEA,14881,Russell Wilson,9.5,60.6,500,12.1,55.4
2021,Regular,DAL,2577417,Dak Prescott,11.0,60.5,721,27.5,85.8
2021,Regular,CIN,3915511,Joe Burrow,12.0,60.2,642,25.1,79.4
2021,Regular,SF,16760,Jimmy Garoppolo,13.0,59.2,530,12.0,57.8
2021,Regular,LV,16757,Derek Carr,14.0,58.4,747,21.0,83.9
2021,Regular,MIN,14880,Kirk Cousins,15.0,58.3,650,14.3,74.0
2021,Regular,NE,4241464,Mac Jones,16.0,56.9,631,11.4,62.9
2021,Regular,BAL,3916387,Lamar Jackson,17.0,56.8,574,11.1,62.7
2021,Regular,MIA,4241479,Tua Tagovailoa,18.0,55.7,471,9.6,51.8
2021,Regular,PHI,4040715,Jalen Hurts,19.0,54.6,622,14.9,65.7
2021,Regular,DEN,16728,Teddy Bridgewater,20.0,53.4,519,10.1,52.5
2021,Regular,ATL,11237,Matt Ryan,21.0,52.2,684,6.0,64.9
2021,Regular,NYG,3917792,Daniel Jones,22.0,47.5,472,0.7,41.7
2021,Regular,WAS,2565969,Taylor Heinicke,23.0,45.8,624,-4.5,50.9
2021,Regular,DET,3046779,Jared Goff,24.0,45.5,587,-11.1,37.4
2021,Regular,PIT,5536,Ben Roethlisberger,25.0,41.3,705,-19.2,42.5
2021,Regular,HOU,4242546,Davis Mills,26.0,41.2,471,-12.9,25.9
2021,Regular,CLE,3052587,Baker Mayfield,27.0,40.9,529,-14.2,34.4
2021,Regular,JAX,4360310,Trevor Lawrence,28.0,39.1,758,-27.1,37.9
2021,Regular,CAR,3912547,Sam Darnold,29.0,38.8,508,-17.8,27.2
2021,Regular,NYJ,4361259,Zach Wilson,30.0,33.4,472,-24.4,17.9
2021,Regular,CHI,4362887,Justin Fields,31.0,31.4,397,-22.4,13.7
2021,Regular,NE,3045523,Kendrick Bourne,,100.0,1,0.9,1.0
2021,Regular,DET,3126997,Tom Kennedy,,100.0,1,1.0,1.0
2021,Regular,BUF,3128724,Isaiah McKenzie,,100.0,1,0.8,0.5
2021,Regular,DEN,3700815,Kendall Hinton,,100.0,1,1.0,1.1
2021,Regular,ARI,3895856,Christian Kirk,,100.0,1,1.0,1.1
2021,Regular,DEN,3128429,Courtland Sutton,,100.0,1,0.6,0.7
2021,Regular,DAL,4036335,Cedrick Wilson Jr.,,99.9,3,1.6,1.6
2021,Regular,BUF,3930086,Dawson Knox,,99.9,1,0.5,0.6
2021,Regular,TEN,3125116,D'Onta Foreman,,99.9,2,0.9,0.9
2021,Regular,CAR,3117251,Christian McCaffrey,,99.3,2,0.7,0.8
2021,Regular,SF,3126486,Deebo Samuel,,99.0,2,0.6,0.8
2021,Regular,CIN,3045144,Tyler Boyd,,99.0,1,0.3,0.4
2021,Regular,DAL,3916148,Tony Pollard,,98.9,4,1.3,1.4
2021,Regular,CAR,3915416,DJ Moore,,98.2,1,0.3,0.3
2021,Regular,CLE,16790,Jarvis Landry,,98.1,2,0.6,0.8
2021,Regular,NE,12477,Brian Hoyer,,97.9,14,4.2,1.4
2021,Regular,SF,3886598,Jauan Jennings,,96.2,1,0.2,0.3
2021,Regular,NE,3925347,Damien Harris,,96.1,2,0.4,0.6
2021,Regular,MIA,4243315,Salvon Ahmed,,95.9,1,0.2,0.3
2021,Regular,NYG,3127306,Dante Pettis,,94.0,1,0.2,0.3
2021,Regular,KC,4035004,Mecole Hardman Jr.,,92.7,1,0.2,0.3
2021,Regular,JAX,2979520,C.J. Beathard,,92.3,4,0.6,0.8
2021,Regular,NYJ,2576716,Jamison Crowder,,87.5,3,0.4,0.7
2021,Regular,TEN,3139456,Cameron Batson,,86.0,2,0.3,0.4
2021,Regular,KC,2514206,Blake Bell,,84.5,4,0.5,0.9
2021,Regular,ARI,4372485,Rondale Moore,,82.8,2,0.2,0.4
2021,Regular,CLE,3059989,Nick Mullens,,81.5,31,4.2,7.1
2021,Regular,TEN,3043078,Derrick Henry,,80.6,2,0.2,0.4
2021,Regular,MIA,3052897,Durham Smythe,,79.9,2,0.2,0.1
2021,Regular,NE,3916433,Jakobi Meyers,,78.1,2,0.2,0.4
2021,Regular,BUF,3039707,Mitch Trubisky,,77.7,12,1.3,0.6
2021,Regular,KC,11291,Chad Henne,,74.1,18,0.7,0.6
2021,Regular,NO,2969939,Jameis Winston,,69.8,209,13.6,31.6
2021,Regular,PHI,4038524,Gardner Minshew,,66.2,77,3.6,9.9
2021,Regular,ARI,3045147,James Conner,,66.2,3,0.1,0.3
2021,Regular,MIA,3886818,Myles Gaskin,,61.9,5,0.3,0.7
2021,Regular,ARI,13199,Colt McCoy,,60.4,121,3.5,12.5
2022,Playoffs,MIN,14880,Kirk Cousins,1.0,86.1,42,5.9,9.6
2022,Playoffs,KC,3139477,Patrick Mahomes,2.0,84.0,118,13.3,23.7
2022,Playoffs,DAL,2577417,Dak Prescott,3.0,83.1,85,7.1,12.6
2022,Playoffs,PHI,4040715,Jalen Hurts,4.0,78.1,134,12.5,21.9
2022,Playoffs,BAL,4035671,Tyler Huntley,5.0,75.0,40,2.0,5.5
2022,Playoffs,SF,4361741,Brock Purdy,6.0,70.8,78,4.3,10.7
2022,Playoffs,SEA,15864,Geno Smith,7.0,67.3,46,0.9,3.5
2022,Playoffs,NYG,3917792,Daniel Jones,8.0,62.9,90,2.7,8.7
2022,Playoffs,CIN,3915511,Joe Burrow,9.0,53.8,146,0.1,12.9
2022,Playoffs,LAC,4038941,Justin Herbert,10.0,47.7,50,0.0,3.6
2022,Playoffs,JAX,4360310,Trevor Lawrence,11.0,43.0,99,-1.3,6.6
2022,Playoffs,BUF,3918298,Josh Allen,12.0,40.5,104,-1.1,7.3
2022,Playoffs,TB,2330,Tom Brady,13.0,25.4,70,-6.1,0.2
2022,Playoffs,MIA,4036419,Skylar Thompson,14.0,23.3,57,-7.0,-1.7
2022,Playoffs,KC,11291,Chad Henne,,90.6,7,1.3,1.9
2022,Playoffs,SEA,4240631,DeeJay Dallas,,86.4,1,0.1,0.2
2022,Playoffs,SF,11394,Josh Johnson,,14.3,20,-3.3,-1.5
2022,Playoffs,MIN,4262921,Justin Jefferson,,9.6,1,-0.1,-0.1
2022,Playoffs,SF,3117251,Christian McCaffrey,,6.1,1,-0.2,0.0
2022,Playoffs,PHI,4038524,Gardner Minshew,,4.3,1,-0.2,0.0
2022,Playoffs,KC,4240472,Noah Gray,,0.0,1,-0.6,-0.5
2022,Regular,KC,3139477,Patrick Mahomes,1.0,79.0,763,71.4,132.8
2022,Regular,BUF,3918298,Josh Allen,2.0,73.4,746,60.0,120.1
2022,Regular,MIA,4241479,Tua Tagovailoa,3.0,70.6,456,27.5,63.5
2022,Regular,PHI,4040715,Jalen Hurts,4.0,68.3,683,42.8,95.7
2022,Regular,DET,3046779,Jared Goff,5.0,63.3,668,28.8,78.5
2022,Regular,NYG,3917792,Daniel Jones,6.0,62.9,665,27.5,81.1
2022,Regular,SEA,15864,Geno Smith,7.0,62.8,725,30.5,89.7
2022,Regular,CLE,2578570,Jacoby Brissett,8.0,62.0,466,15.3,51.5
2022,Regular,BAL,3916387,Lamar Jackson,9.0,61.1,478,11.9,53.0
2022,Regular,CIN,3915511,Joe Burrow,10.0,60.8,750,19.3,79.6
2022,Regular,LAC,4038941,Justin Herbert,11.0,60.2,812,27.3,95.2
2022,Regular,DAL,2577417,Dak Prescott,12.0,59.9,480,16.7,56.6
2022,Regular,ATL,2576980,Marcus Mariota,13.0,57.7,430,8.7,44.7
2022,Regular,LV,16757,Derek Carr,14.0,57.6,591,11.2,62.3
2022,Regular,CHI,4362887,Justin Fields,15.5,56.3,556,13.4,59.2
2022,Regular,SF,16760,Jimmy Garoppolo,15.5,56.3,367,8.7,38.5
2022,Regular,JAX,4360310,Trevor Lawrence,17.0,56.1,711,11.7,69.6
2022,Regular,TB,2330,Tom Brady,18.0,54.6,823,10.7,77.0
2022,Regular,ARI,3917315,Kyler Murray,19.5,53.6,512,7.7,49.0
2022,Regular,PIT,4240703,Kenny Pickett,19.5,53.6,496,3.4,43.2
2022,Regular,NO,14012,Andy Dalton,21.0,53.1,453,2.7,39.7
2022,Regular,LA,12483,Matthew Stafford,22.5,52.3,362,-1.7,27.4
2022,Regular,MIN,14880,Kirk Cousins,22.5,52.3,771,9.1,71.5
2022,Regular,TEN,14876,Ryan Tannehill,24.0,51.2,416,1.4,36.2
2022,Regular,IND,11237,Matt Ryan,25.0,44.9,554,-8.0,39.0
2022,Regular,GB,8439,Aaron Rodgers,26.0,41.3,624,-10.6,42.6
2022,Regular,DEN,14881,Russell Wilson,27.0,38.7,642,-18.5,37.3
2022,Regular,NE,4241464,Mac Jones,28.0,38.4,538,-18.8,27.9
2022,Regular,HOU,4242546,Davis Mills,29.0,35.0,573,-23.3,24.8
2022,Regular,WAS,2573079,Carson Wentz,30.0,34.4,352,-14.3,14.1
2022,Regular,LA,3052587,Baker Mayfield,31.0,26.3,417,-31.0,6.0
2022,Regular,SF,3117251,Christian McCaffrey,,100.0,1,1.1,1.2
2022,Regular,CHI,4046692,Chase Claypool,,100.0,1,1.7,1.8
2022,Regular,MIA,3052897,Durham Smythe,,99.9,2,1.0,1.1
2022,Regular,BAL,3116365,Mark Andrews,,99.9,2,1.0,1.2
2022,Regular,NYJ,3123075,Braxton Berrios,,99.6,1,0.4,0.5
2022,Regular,CHI,4036431,Darrynton Evans,,99.4,1,0.3,0.2
2022,Regular,MIA,3917668,Alec Ingold,,95.7,2,0.4,0.6
2022,Regular,LAC,3068267,Austin Ekeler,,95.4,1,0.2,0.3
2022,Regular,MIN,4262921,Justin Jefferson,,95.2,3,0.7,0.9
2022,Regular,KC,4240472,Noah Gray,,94.6,2,0.4,0.5
2022,Regular,DET,3126997,Tom Kennedy,,93.1,1,0.2,0.3
2022,Regular,NYG,3929630,Saquon Barkley,,88.6,10,1.5,2.4
2022,Regular,GB,4036378,Jordan Love,,83.2,20,1.8,1.5
2022,Regular,NO,2468609,Taysom Hill,,79.7,118,11.4,20.0
2022,Regular,NYG,3052600,Davis Webb,,76.9,54,2.4,6.1
2022,Regular,NYJ,3040206,Chris Streveler,,73.9,26,2.6,3.1
2022,Regular,SF,4361741,Brock Purdy,,67.5,211,13.3,28.6
2022,Regular,WAS,3121427,Curtis Samuel,,65.7,1,0.0,0.1
2022,Regular,DAL,2972515,Cooper Rush,,60.8,184,4.4,17.9
2022,Regular,TB,13987,Blaine Gabbert,,59.9,8,0.4,1.1
2022,Regular,LAC,12471,Chase Daniel,,59.9,16,0.1,1.3
2022,Regular,LV,3892775,Jarrett Stidham,,59.7,111,3.3,10.0
2022,Regular,PIT,3039707,Mitch Trubisky,,58.5,218,3.1,22.3
2022,Regular,MIN,3059989,Nick Mullens,,58.3,33,1.3,2.6
2022,Regular,SEA,4567048,Kenneth Walker III,,53.0,2,0.0,0.2
2022,Regular,TEN,3044720,Joshua Dobbs,,52.8,86,0.5,7.8
2022,Regular,ATL,4239086,Desmond Ridder,,52.0,149,-0.7,12.4
2023,Playoffs,KC,3139477,Patrick Mahomes,1.0,86.6,180,21.0,36.6
2023,Playoffs,HOU,4432577,C.J. Stroud,2.0,82.5,67,4.2,9.1
2023,Playoffs,BUF,3918298,Josh Allen,3.0,79.4,92,8.0,15.6
2023,Playoffs,GB,4036378,Jordan Love,4.0,78.0,65,4.6,9.9
2023,Playoffs,LA,12483,Matthew Stafford,5.0,74.7,41,3.7,7.4
2023,Playoffs,SF,4361741,Brock Purdy,6.0,73.8,128,10.8,22.2
2023,Playoffs,BAL,3916387,Lamar Jackson,7.0,73.7,88,7.1,14.4
2023,Playoffs,DET,3046779,Jared Goff,8.0,65.9,124,6.6,16.8
2023,Playoffs,CLE,11252,Joe Flacco,9.0,54.9,54,1.0,4.3
2023,Playoffs,TB,3052587,Baker Mayfield,10.0,49.3,93,2.1,9.7
2023,Playoffs,DAL,2577417,Dak Prescott,11.0,42.9,73,0.1,3.5
2023,Playoffs,PIT,3116407,Mason Rudolph,12.0,40.2,44,-1.8,1.7
2023,Playoffs,PHI,4040715,Jalen Hurts,13.0,40.0,42,-1.2,2.3
2023,Playoffs,MIA,4241479,Tua Tagovailoa,14.0,15.3,47,-6.9,-1.6
2023,Playoffs,SF,3886598,Jauan Jennings,,99.2,1,0.3,0.4
2023,Playoffs,CLE,3059915,Kareem Hunt,,55.2,1,0.0,0.1
2023,Playoffs,KC,4361529,Isiah Pacheco,,25.3,3,-0.3,0.0
2023,Playoffs,GB,4259592,Sean Clifford,,11.2,1,-0.2,0.0
2023,Playoffs,HOU,4242546,Davis Mills,,0.1,1,-0.5,-0.1
2023,Regular,SF,4361741,Brock Purdy,1.0,72.8,530,37.2,76.9
2023,Regular,DAL,2577417,Dak Prescott,2.0,72.7,724,57.0,106.7
2023,Regular,BUF,3918298,Josh Allen,3.0,69.6,744,41.2,102.7
2023,Regular,BAL,3916387,Lamar Jackson,4.0,64.7,676,29.3,84.0
2023,Regular,LAC,4038941,Justin Herbert,5.0,64.1,564,22.2,69.8
2023,Regular,LA,12483,Matthew Stafford,6.0,63.5,607,22.7,71.6
2023,Regular,MIN,14880,Kirk Cousins,7.0,63.2,364,15.9,46.4
2023,Regular,KC,3139477,Patrick Mahomes,8.0,63.1,724,31.9,92.1
2023,Regular,GB,4036378,Jordan Love,9.0,62.1,699,26.4,82.2
2023,Regular,MIA,4241479,Tua Tagovailoa,10.0,60.8,659,18.8,70.6
2023,Regular,DET,3046779,Jared Goff,11.0,60.3,690,21.4,72.3
2023,Regular,PHI,4040715,Jalen Hurts,12.0,60.1,773,22.2,86.9
2023,Regular,IND,4038524,Gardner Minshew,13.0,59.6,587,13.3,60.9
2023,Regular,SEA,15864,Geno Smith,14.0,59.5,602,16.8,67.9
2023,Regular,HOU,4432577,C.J. Stroud,15.0,57.5,613,13.3,63.1
2023,Regular,NO,16757,Derek Carr,16.0,56.5,634,15.2,65.8
2023,Regular,JAX,4360310,Trevor Lawrence,17.0,56.1,727,8.4,67.3
2023,Regular,TB,3052587,Baker Mayfield,18.0,54.3,698,11.5,68.2
2023,Regular,MIN,3044720,Joshua Dobbs,19.0,51.8,556,2.7,46.7
2023,Regular,CIN,3915511,Joe Burrow,20.0,51.6,431,1.3,38.0
2023,Regular,DEN,14881,Russell Wilson,21.0,50.7,596,0.0,48.5
2023,Regular,ARI,3917315,Kyler Murray,22.0,47.2,354,-1.0,27.0
2023,Regular,CHI,4362887,Justin Fields,23.0,46.1,567,-2.3,43.6
2023,Regular,WAS,4426875,Sam Howell,24.0,42.4,765,-14.3,49.7
2023,Regular,LV,4260394,Aidan O'Connell,25.0,40.5,390,-10.8,21.3
2023,Regular,ATL,4239086,Desmond Ridder,26.0,40.1,496,-10.1,33.2
2023,Regular,PIT,4240703,Kenny Pickett,27.0,38.1,389,-16.6,17.6
2023,Regular,NE,4241464,Mac Jones,28.0,36.7,413,-14.6,21.6
2023,Regular,CAR,4685720,Bryce Young,29.0,33.4,670,-28.8,28.0
2023,Regular,NYJ,4361259,Zach Wilson,30.0,30.6,474,-25.9,15.8
2023,Regular,CHI,3915416,DJ Moore,,100.0,1,1.7,1.8
2023,Regular,HOU,4040761,Devin Singletary,,100.0,1,0.9,0.7
2023,Regular,GB,4259592,Sean Clifford,,100.0,1,0.9,0.3
2023,Regular,DEN,4361579,Javonte Williams,,100.0,1,0.9,0.7
2023,Regular,ARI,4372485,Rondale Moore,,100.0,2,2.0,2.0
2023,Regular,ARI,3894901,Ezekiel Turner,,100.0,1,0.6,0.5
2023,Regular,NYJ,4427366,Breece Hall,,100.0,1,0.6,0.6
2023,Regular,ATL,4426502,Drake London,,99.9,1,0.6,0.6
2023,Regular,LA,4360797,Tutu Atwell,,99.9,1,0.5,0.4
2023,Regular,TEN,4428557,Tyjae Spears,,99.9,1,0.5,0.6
2023,Regular,LV,15478,Brandon Bolden,,99.8,2,0.9,0.7
2023,Regular,LA,4430737,Kyren Williams,,99.7,1,0.4,0.5
2023,Regular,PHI,4371733,Kenneth Gainwell,,98.9,1,0.4,0.4
2023,Regular,LAC,15818,Keenan Allen,,98.8,2,0.7,0.8
2023,Regular,NE,4569173,Rhamondre Stevenson,,98.7,2,0.6,0.8
2023,Regular,JAX,4239996,Travis Etienne Jr.,,97.0,8,1.7,2.3
2023,Regular,NE,3051392,Ezekiel Elliott,,96.6,1,0.2,0.3
2023,Regular,WAS,2578570,Jacoby Brissett,,95.6,31,5.8,6.4
2023,Regular,MIN,4048244,Alexander Mattison,,95.5,1,0.2,0.3
2023,Regular,TEN,3043078,Derrick Henry,,94.5,9,1.8,2.5
2023,Regular,GB,4428850,Dontayvion Wicks,,94.3,1,0.2,0.3
2023,Regular,ATL,3047876,KhaDarel Hodge,,92.0,1,0.5,0.6
2023,Regular,LA,2573079,Carson Wentz,,89.9,46,6.3,10.3
2023,Regular,KC,16782,Jerick McKinnon,,89.8,1,0.1,0.2
2023,Regular,CLE,4040774,Harrison Bryant,,71.3,6,0.4,0.8
2023,Regular,PIT,3116407,Mason Rudolph,,70.6,91,5.0,11.1
2023,Regular,MIN,4242431,Ty Chandler,,70.1,2,0.1,0.2
2023,Regular,LV,12477,Brian Hoyer,,69.0,47,1.8,5.5
2023,Regular,KC,4361529,Isiah Pacheco,,67.5,3,0.2,0.4
2023,Regular,CIN,3886812,Jake Browning,,60.1,314,4.5,28.8
2023,Regular,PHI,2576980,Marcus Mariota,,59.9,34,0.4,1.5
2023,Regular,BAL,4035671,Tyler Huntley,,56.7,54,0.5,3.9
2023,Regular,CLE,3059915,Kareem Hunt,,55.7,7,0.1,0.7
2024,Playoffs,WAS,4426348,Jayden Daniels,1.0,84.2,160,17.4,29.8
2024,Playoffs,BAL,3916387,Lamar Jackson,2.0,83.0,74,7.6,13.7
2024,Playoffs,BUF,3918298,Josh Allen,3.0,74.7,123,9.3,20.2
2024,Playoffs,DEN,4426338,Bo Nix,4.0,63.5,30,0.9,3.0
2024,Playoffs,PHI,4040715,Jalen Hurts,5.0,62.3,148,5.8,18.3
2024,Playoffs,HOU,4432577,C.J. Stroud,6.0,61.8,84,2.1,9.7
2024,Playoffs,TB,3052587,Baker Mayfield,7.0,60.7,29,1.2,4.0
2024,Playoffs,KC,3139477,Patrick Mahomes,8.0,59.0,120,2.2,11.3
2024,Playoffs,LA,12483,Matthew Stafford,9.0,57.0,85,-0.6,7.1
2024,Playoffs,PIT,14881,Russell Wilson,10.0,42.4,37,-1.6,1.6
2024,Playoffs,DET,3046779,Jared Goff,11.0,37.6,41,-1.1,2.1
2024,Playoffs,GB,4036378,Jordan Love,12.0,34.7,40,-3.0,0.8
2024,Playoffs,MIN,3912547,Sam Darnold,13.0,12.0,54,-8.3,-2.0
2024,Playoffs,LAC,4038941,Justin Herbert,14.0,11.4,37,-6.8,-2.7
2024,Playoffs,BAL,3043078,Derrick Henry,,100.0,2,1.6,1.8
2024,Playoffs,GB,4572680,Tucker Kraft,,99.0,2,0.6,0.8
2024,Playoffs,DET,4035538,David Montgomery,,91.6,1,0.2,0.3
2024,Playoffs,BAL,3116365,Mark Andrews,,90.0,4,0.6,0.8
2024,Playoffs,DET,16728,Teddy Bridgewater,,9.9,2,-0.3,-0.1
2024,Playoffs,PHI,4240703,Kenny Pickett,,8.8,2,-0.3,0.0
2024,Playoffs,KC,4361529,Isiah Pacheco,,7.4,1,-0.2,-0.1
2024,Playoffs,PIT,4362887,Justin Fields,,5.1,1,-0.2,-0.1
2024,Playoffs,WAS,2576980,Marcus Mariota,,0.0,2,-1.6,-1.4
2024,Playoffs,DET,4426388,Jameson Williams,,0.0,1,-1.5,-1.4
2024,Regular,BAL,3916387,Lamar Jackson,1.5,74.8,661,51.3,107.9
2024,Regular,BUF,3918298,Josh Allen,1.5,74.8,642,47.7,101.0
2024,Regular,CIN,3915511,Joe Burrow,3.0,72.1,788,51.8,122.6
2024,Regular,WAS,4426348,Jayden Daniels,4.0,67.7,698,40.6,98.4
2024,Regular,GB,4036378,Jordan Love,5.0,66.3,501,19.0,58.0
2024,Regular,DET,3046779,Jared Goff,6.0,65.4,617,25.2,75.5
2024,Regular,SF,4361741,Brock Purdy,7.0,64.8,578,24.3,74.3
2024,Regular,KC,3139477,Patrick Mahomes,8.0,64.6,698,32.7,98.3
2024,Regular,ARI,3917315,Kyler Murray,9.0,63.4,693,22.6,82.9
2024,Regular,PHI,4040715,Jalen Hurts,10.0,62.5,558,23.8,73.7
2024,Regular,LAC,4038941,Justin Herbert,11.0,61.7,640,26.9,82.8
2024,Regular,LA,12483,Matthew Stafford,12.0,61.5,604,17.0,71.7
2024,Regular,TB,3052587,Baker Mayfield,13.0,58.4,713,23.4,83.5
2024,Regular,MIN,3912547,Sam Darnold,14.0,57.3,704,13.9,77.0
2024,Regular,MIA,4241479,Tua Tagovailoa,15.0,57.1,465,11.5,51.9
2024,Regular,JAX,4360310,Trevor Lawrence,16.0,56.1,350,3.3,33.1
2024,Regular,NE,4431452,Drake Maye,17.0,55.2,475,5.3,43.2
2024,Regular,DEN,4426338,Bo Nix,18.0,53.5,708,8.8,69.1
2024,Regular,CLE,2969939,Jameis Winston,19.0,52.2,370,-0.6,30.8
2024,Regular,CAR,4685720,Bryce Young,20.0,50.7,496,5.7,44.8
2024,Regular,SEA,15864,Geno Smith,21.0,50.4,739,2.6,69.3
2024,Regular,PIT,14881,Russell Wilson,22.0,47.9,429,-1.3,38.4
2024,Regular,ATL,14880,Kirk Cousins,23.0,47.0,528,-3.4,46.0
2024,Regular,HOU,4432577,C.J. Stroud,24.0,46.4,672,-6.5,55.8
2024,Regular,NYJ,8439,Aaron Rodgers,25.0,44.7,692,-13.0,51.7
2024,Regular,MIN,3917792,Daniel Jones,26.0,44.4,459,-8.0,34.5
2024,Regular,IND,4429084,Anthony Richardson Sr.,27.0,44.1,375,-9.7,24.9
2024,Regular,CHI,4431611,Caleb Williams,28.0,43.3,771,-18.7,50.4
2024,Regular,DAL,2577417,Dak Prescott,29.0,41.9,351,-8.3,22.3
2024,Regular,DAL,2972515,Cooper Rush,30.0,37.7,360,-10.6,21.2
2024,Regular,LV,4038524,Gardner Minshew,31.0,35.0,371,-18.0,17.0
2024,Regular,TEN,4361418,Will Levis,32.0,25.2,426,-36.0,5.1
2024,Regular,DEN,3128429,Courtland Sutton,,100.0,2,3.3,2.2
2024,Regular,DEN,3892775,Jarrett Stidham,,100.0,1,0.7,0.2
2024,Regular,DET,4035538,David Montgomery,,100.0,1,1.3,1.1
2024,Regular,SEA,4430878,Jaxon Smith-Njigba,,100.0,1,0.7,0.8
2024,Regular,DAL,3676833,KaVontae Turpin,,100.0,1,0.6,0.7
2024,Regular,CIN,3050481,Tanner Hudson,,99.9,1,0.5,0.6
2024,Regular,NO,4036335,Cedrick Wilson Jr.,,99.6,2,0.8,0.6
2024,Regular,CAR,4695883,Jalen Coker,,99.5,1,0.4,0.5
2024,Regular,DET,4374302,Amon-Ra St. Brown,,99.5,1,0.4,0.5
2024,Regular,PIT,3115293,Kyle Allen,,99.3,1,0.4,0.5
2024,Regular,KC,4035004,Mecole Hardman,,99.1,1,0.4,0.4
2024,Regular,NO,4243004,Jordan Mims,,97.8,1,0.3,0.4
2024,Regular,MIN,3059989,Nick Mullens,,97.5,2,0.5,0.7
2024,Regular,GB,4572680,Tucker Kraft,,95.1,3,0.7,0.8
2024,Regular,NYJ,14163,Tyrod Taylor,,95.0,27,5.7,2.1
2024,Regular,NO,2468609,Taysom Hill,,91.0,26,4.7,6.6
2024,Regular,TB,4034946,Kyle Trask,,88.0,1,0.2,0.3
2024,Regular,WAS,2576980,Marcus Mariota,,86.3,70,10.3,11.4
2024,Regular,GB,4242512,Malik Willis,,77.3,79,6.9,13.1
2024,Regular,BAL,3116365,Mark Andrews,,76.8,4,0.3,0.6
2024,Regular,PHI,4240703,Kenny Pickett,,73.1,60,4.3,9.1
2024,Regular,IND,4597500,Adonai Mitchell,,70.2,1,0.1,0.2
2024,Regular,NE,4360698,Joe Milton III,,69.6,40,2.8,6.7
2024,Regular,PIT,4431492,Roman Wilson,,66.8,34,1.9,4.9
2024,Regular,PHI,4685201,Tanner McKee,,65.5,52,4.0,8.3
2024,Regular,HOU,4242546,Davis Mills,,64.8,44,1.4,3.8
2024,Regular,NO,16757,Derek Carr,,60.2,326,14.4,43.9
2024,Regular,BUF,3039707,Mitchell Trubisky,,57.8,31,1.5,3.7
2024,Regular,NYJ,4427366,Breece Hall,,54.7,1,0.0,0.1
2024,Regular,TEN,3116407,Mason Rudolph,,52.2,283,2.5,24.9
2024,Regular,CAR,14012,Andy Dalton,,52.0,191,3.5,18.1
2025,Playoffs,GB,4036378,Jordan Love,1.0,80.6,50,5.2,9.4
2025,Playoffs,CAR,4685720,Bryce Young,2.0,71.4,48,3.8,8.3
2025,Playoffs,SEA,3912547,Sam Darnold,3.5,69.6,107,6.9,16.2
2025,Playoffs,BUF,3918298,Josh Allen,3.5,69.6,102,3.5,13.5
2025,Playoffs,DEN,4426338,Bo Nix,5.0,64.6,59,2.4,8.2
2025,Playoffs,LA,12483,Matthew Stafford,6.0,53.8,130,-0.1,12.5
2025,Playoffs,CHI,4431611,Caleb Williams,7.0,53.4,103,2.8,12.4
2025,Playoffs,SF,4361741,Brock Purdy,8.0,51.9,73,-1.7,4.7
2025,Playoffs,PHI,4040715,Jalen Hurts,9.0,40.5,44,-0.4,3.9
2025,Playoffs,NE,4431452,Drake Maye,10.0,40.0,167,-9.4,6.2
2025,Playoffs,HOU,4432577,C.J. Stroud,11.0,37.4,93,-5.0,3.8
2025,Playoffs,JAX,4360310,Trevor Lawrence,12.0,30.0,41,-2.5,1.5
2025,Playoffs,LAC,4038941,Justin Herbert,13.0,28.0,51,-4.7,0.3
2025,Playoffs,PIT,8439,Aaron Rodgers,14.0,14.9,39,-5.9,-1.9
2025,Playoffs,DEN,3892775,Jarrett Stidham,,19.6,38,-4.0,-0.3
2025,Regular,NE,4431452,Drake Maye,1.0,77.1,662,59.7,113.9
2025,Regular,SF,4361741,Brock Purdy,2.0,72.8,344,23.5,52.8
2025,Regular,GB,4036378,Jordan Love,3.0,72.7,531,37.5,86.5
2025,Regular,LA,12483,Matthew Stafford,4.0,71.2,671,42.5,99.8
2025,Regular,DAL,2577417,Dak Prescott,5.0,70.2,719,46.1,106.8
2025,Regular,KC,3139477,Patrick Mahomes,6.0,68.5,621,32.7,88.6
2025,Regular,BUF,3918298,Josh Allen,7.0,65.4,633,27.8,83.2
2025,Regular,IND,3917792,Daniel Jones,8.0,63.0,471,17.1,57.6
2025,Regular,BAL,3916387,Lamar Jackson,9.0,62.7,423,13.4,51.6
2025,Regular,SF,4241464,Mac Jones,10.0,62.3,344,12.1,42.6
2025,Regular,HOU,4432577,C.J. Stroud,11.0,61.7,519,17.2,63.5
2025,Regular,TB,3052587,Baker Mayfield,12.0,61.3,676,19.6,80.8
2025,Regular,LAC,4038941,Justin Herbert,13.0,60.6,688,23.0,85.3
2025,Regular,JAX,4360310,Trevor Lawrence,14.5,58.3,727,14.8,77.2
2025,Regular,DEN,4426338,Bo Nix,14.5,58.3,753,21.7,89.2
2025,Regular,CHI,4431611,Caleb Williams,16.0,58.2,704,15.8,79.8
2025,Regular,NYG,4689114,Jaxson Dart,17.0,57.5,506,10.2,53.6
2025,Regular,DET,3046779,Jared Goff,18.0,57.3,659,16.2,74.2
2025,Regular,SEA,3912547,Sam Darnold,19.0,55.6,568,9.8,60.2
2025,Regular,PHI,4040715,Jalen Hurts,20.0,55.2,624,12.4,69.1
2025,Regular,NO,4360689,Tyler Shough,21.0,48.8,420,1.9,37.6
2025,Regular,CAR,4685720,Bryce Young,22.0,47.6,591,-1.2,51.6
2025,Regular,PIT,8439,Aaron Rodgers,23.0,44.4,569,-12.5,40.5
2025,Regular,ARI,2578570,Jacoby Brissett,24.0,41.2,592,-12.4,36.9
2025,Regular,CIN,11252,Joe Flacco,25.0,41.0,481,-8.7,35.1
2025,Regular,MIA,4241479,Tua Tagovailoa,26.0,37.5,461,-17.5,24.0
2025,Regular,LV,15864,Geno Smith,27.0,34.1,575,-28.7,24.0
2025,Regular,TEN,4688380,Cam Ward,28.0,33.2,672,-38.5,22.7
2025,Regular,BUF,3915411,Ty Johnson,,100.0,1,1.3,1.4
2025,Regular,CHI,3915416,DJ Moore,,100.0,1,1.8,1.9
2025,Regular,NYG,4040761,Devin Singletary,,100.0,3,2.7,2.4
2025,Regular,NYJ,4427366,Breece Hall,,100.0,1,1.3,1.4
2025,Regular,SEA,4240021,Cam Akers,,100.0,1,0.6,0.7
2025,Regular,CAR,4683243,Mitchell Evans,,99.9,1,0.5,0.6
2025,Regular,BAL,3116365,Mark Andrews,,99.1,11,3.7,4.2
2025,Regular,GB,4242512,Malik Willis,,93.1,59,11.3,16.4
2025,Regular,BUF,3039707,Mitchell Trubisky,,91.4,39,7.7,7.4
2025,Regular,CLE,5083076,Harold Fannin Jr.,,90.1,2,0.4,0.5
2025,Regular,NYG,4424106,Gunner Olszewski,,88.7,2,0.3,0.5
2025,Regular,PIT,4241961,Connor Heyward,,88.0,15,2.2,3.6
2025,Regular,JAX,3059989,Nick Mullens,,85.8,3,0.5,0.2
2025,Regular,GB,4431487,Savion Williams,,81.1,3,0.3,0.5
2025,Regular,BAL,4035671,Tyler Huntley,,80.8,103,11.4,18.9
2025,Regular,MIN,4360569,Jordan Mason,,79.6,1,0.1,0.2
2025,Regular,NE,4569173,Rhamondre Stevenson,,75.7,3,0.3,0.6
2025,Regular,IND,4683423,Riley Leonard,,72.7,80,2.9,8.6
2025,Regular,NE,3044720,Joshua Dobbs,,72.3,11,0.9,0.6
2025,Regular,SEA,4576297,AJ Barner,,69.4,14,0.8,1.7
2025,Regular,NYG,2969939,Jameis Winston,,68.5,81,4.5,12.3
2025,Regular,WAS,4575131,Jacory Croskey-Merritt,,64.3,2,0.1,0.2
2025,Regular,CIN,3915511,Joe Burrow,,63.0,318,9.6,38.0
2025,Regular,DEN,4568490,RJ Harvey,,59.6,4,0.2,0.6
2025,Regular,TB,4596448,Bucky Irving,,58.7,4,0.1,0.5
2025,Regular,ATL,4360423,Michael Penix Jr.,,57.9,330,7.8,38.6
2025,Regular,WAS,11394,Josh Johnson,,55.6,79,1.9,9.0
2025,Regular,ATL,4034948,Feleipe Franks,,54.7,3,0.0,0.2
2025,Regular,DAL,4360698,Joe Milton III,,52.8,30,0.4,1.8
2025,Regular,NYJ,14163,Tyrod Taylor,,50.9,184,1.3,16.6
